款式號碼,官網連結
R8658,https://www.dailybelle.com.tw/SalePage/Index/10150943
60491,https://www.dailybelle.com.tw/SalePage/Index/7804351
R8657,https://www.dailybelle.com.tw/SalePage/Index/10822823
R8629,https://www.dailybelle.com.tw/SalePage/Index/10134151
R8630,https://www.dailybelle.com.tw/SalePage/Index/10317917
R8633,https://www.dailybelle.com.tw/SalePage/Index/10125236
R8635,https://www.dailybelle.com.tw/SalePage/Index/10140944
R86553,https://www.dailybelle.com.tw/SalePage/Index/10172145
R8622,https://www.dailybelle.com.tw/SalePage/Index/10132005
R86291,https://www.dailybelle.com.tw/SalePage/Index/10133682
R86361,https://www.dailybelle.com.tw/SalePage/Index/10140418
R86261,https://www.dailybelle.com.tw/SalePage/Index/10128732
R86301,https://www.dailybelle.com.tw/SalePage/Index/10132323
R86031,https://www.dailybelle.com.tw/SalePage/Index/10104369
R86571,https://www.dailybelle.com.tw/SalePage/Index/10821868
R86281,https://www.dailybelle.com.tw/SalePage/Index/10112143
R86221,https://www.dailybelle.com.tw/SalePage/Index/10131933
R86551,https://www.dailybelle.com.tw/SalePage/Index/10154337
r86553,https://www.dailybelle.com.tw/SalePage/Index/10172145
r86521,https://www.dailybelle.com.tw/SalePage/Index/11508249
R86522,https://www.dailybelle.com.tw/SalePage/Index/11515932
R86251,https://www.dailybelle.com.tw/SalePage/Index/10108209
60501,https://www.dailybelle.com.tw/SalePage/Index/1902854
R86582,https://www.dailybelle.com.tw/SalePage/Index/10318453
R86112,https://www.dailybelle.com.tw/SalePage/Index/10265897
R86352,https://www.dailybelle.com.tw/SalePage/Index/10311067
R86333,https://www.dailybelle.com.tw/SalePage/Index/10126213
R86353,https://www.dailybelle.com.tw/SalePage/Index/10150861
R86572,https://www.dailybelle.com.tw/SalePage/Index/10892492
R86051,https://www.dailybelle.com.tw/SalePage/Index/10064513
r86552,https://www.dailybelle.com.tw/SalePage/Index/10172090
6050,https://www.dailybelle.com.tw/SalePage/Index/1903007
R8625,https://www.dailybelle.com.tw/SalePage/Index/10108367
R8636,https://www.dailybelle.com.tw/SalePage/Index/10140652
R86581,https://www.dailybelle.com.tw/SalePage/Index/10150852
R8625,https://www.dailybelle.com.tw/SalePage/Index/10108367
R8626,https://www.dailybelle.com.tw/SalePage/Index/10129012
R8659,https://www.dailybelle.com.tw/SalePage/Index/10442771
R8661,https://www.dailybelle.com.tw/SalePage/Index/10690992
R86611,https://www.dailybelle.com.tw/SalePage/Index/10691546
R86222,https://www.dailybelle.com.tw/SalePage/Index/10312013
R86062,https://www.dailybelle.com.tw/SalePage/Index/10265791
R86262,https://www.dailybelle.com.tw/SalePage/Index/10311815
R8631,https://www.dailybelle.com.tw/SalePage/Index/10315132
R86311,https://www.dailybelle.com.tw/SalePage/Index/10131769
R86591,https://www.dailybelle.com.tw/SalePage/Index/10442685
9101,https://www.dailybelle.com.tw/SalePage/Index/9275961
9106,https://www.dailybelle.com.tw/SalePage/Index/7804216
R9110,https://www.dailybelle.com.tw/SalePage/Index/10105369
5775,https://www.dailybelle.com.tw/SalePage/Index/7147689
N76011,https://www.dailybelle.com.tw/SalePage/Index/6666257
R81031,https://www.dailybelle.com.tw/SalePage/Index/10074446
R81051,https://www.dailybelle.com.tw/SalePage/Index/10100246
R81011,https://www.dailybelle.com.tw/SalePage/Index/267796
R86581,https://www.dailybelle.com.tw/SalePage/Index/10150852
R86521,https://www.dailybelle.com.tw/SalePage/Index/11508249
R91101,https://www.dailybelle.com.tw/SalePage/Index/10104994
91061,https://www.dailybelle.com.tw/SalePage/Index/7804262
R9110,https://www.dailybelle.com.tw/SalePage/Index/10105369
9106,https://www.dailybelle.com.tw/SalePage/Index/7804216
R8655,https://www.dailybelle.com.tw/SalePage/Index/10163430
r8652,https://www.dailybelle.com.tw/SalePage/Index/11507586
R9107,https://www.dailybelle.com.tw/SalePage/Index/6389956
R8627,https://www.dailybelle.com.tw/SalePage/Index/8798193
5807,https://www.dailybelle.com.tw/SalePage/Index/286016
R7001,https://www.dailybelle.com.tw/SalePage/Index/10269293
R7002,https://www.dailybelle.com.tw/SalePage/Index/10075457
R7003,https://www.dailybelle.com.tw/SalePage/Index/10075680
7103,https://www.dailybelle.com.tw/SalePage/Index/7147880
R70012,https://www.dailybelle.com.tw/SalePage/Index/11068203
R86232,https://www.dailybelle.com.tw/SalePage/Index/10259479
